movie_id,genre_id
1,1
1,3
1,4
2,5
2,1
2,3
3,0
3,1
3,6
4,7
4,8
5,0
5,6
6,5
6,1
6,3
7,5
7,1
7,3
8,0
8,1
8,8
9,9
9,10
10,5
10,1
10,3
11,3
11,11
12,3
12,10
12,2
13,0
13,1
13,8
14,12
14,10
14,8
16,3
16,10
17,3
17,10
17,13
18,10
18,14
18,15
19,3
20,3
20,13
21,12
21,10
21,7
22,5
22,1
22,3
25,1
25,3
25,12
26,1
26,10
26,4
27,12
27,16
27,7
28,3
28,4
28,11
29,3
29,13
30,0
30,1
30,4
31,5
31,3
31,4
34,10
34,18
34,8
35,0
35,10
35,11
36,3
36,12
37,12
37,10
37,14
38,5
38,0
38,1
39,0
39,12
39,10
41,3
41,10
41,13
42,0
42,12
42,8
43,0
43,2
43,8
44,3
44,4
44,2
45,0
45,1
45,8
46,10
46,18
46,8
47,3
47,10
48,3
48,11
49,5
49,1
49,3
50,3
50,12
51,1
51,10
51,8
52,9
52,10
52,18
54,16
54,8
55,10
55,7
55,6
56,0
56,1
56,10
58,3
58,13
59,16
59,8
62,16
62,7
63,10
63,11
64,9
64,10
64,11
65,10
65,2
65,7
66,16
66,8
67,3
67,13
68,3
68,10
68,2
69,10
69,2
69,7
70,16
70,8
71,16
71,8
72,9
72,12
72,10
74,10
74,2
74,19
75,1
75,10
75,4
76,3
76,10
76,13
77,5
77,1
77,3
78,0
78,10
78,8
79,3
81,0
81,6
81,8
82,3
82,4
83,10
83,14
84,10
86,3
86,13
86,11
87,0
87,1
87,10
88,0
88,10
88,18
89,3
89,13
90,5
90,1
90,3
91,0
91,12
91,8
92,3
92,10
92,11
93,1
93,16
93,8
94,3
94,10
95,0
95,9
95,10
96,3
97,17
97,20
98,0
98,1
98,2
99,2
99,16
99,7
103,0
103,12
103,10
104,3
104,12
104,10
105,1
105,10
105,4
106,3
106,10
106,14
107,16
107,6
107,8
108,3
109,10
109,4
111,3
111,4
111,2
112,0
112,6
113,3
114,9
114,10
114,18
115,12
115,10
115,13
116,3
116,2
116,13
117,10
117,13
117,11
118,1
118,3
118,4
119,9
119,10
119,18
120,3
120,13
121,5
121,1
121,3
122,9
122,12
122,10
123,0
123,1
123,10
125,3
125,10
125,13
128,3
128,10
129,12
129,10
129,15
134,17
134,3
134,14
135,3
135,10
135,13
136,3
136,10
136,13
137,3
137,4
137,13
139,3
139,12
139,2
141,10
141,2
141,11
143,1
143,3
143,10
144,1
144,3
144,14
145,1
145,3
145,4
146,10
146,13
150,5
150,1
150,3
151,3
151,10
151,13
153,10
153,8
154,3
155,16
155,7
155,8
157,3
157,10
158,0
158,12
158,10
159,0
159,10
159,18
160,3
161,10
161,7
161,8
162,3
163,10
164,5
164,12
164,10
165,10
165,13
166,3
166,10
166,2
167,3
167,12
168,3
170,3
170,12
171,3
171,10
171,13
173,3
173,10
173,13
174,17
175,9
175,10
175,13
176,12
176,10
177,10
177,13
177,11
178,10
179,3
179,10
179,13
180,10
181,10
181,13
183,12
183,10
183,2
184,0
184,12
184,10
187,12
187,10
187,22
188,3
188,10
188,14
189,17
190,3
190,12
192,0
192,2
192,16
193,0
193,1
193,6
195,3
195,10
195,14
197,0
197,12
197,6
199,9
199,12
199,10
203,3
203,10
204,12
204,10
204,13
205,10
206,3
212,12
212,10
214,1
214,3
214,6
215,10
216,3
220,3
220,10
220,13
224,0
224,10
224,19
225,17
225,3
226,3
226,10
226,13
230,10
2921,3
2921,10
244,17
244,11
2020,0
2020,12
2020,8
4191,10
4191,8
258,17
263,17
264,0
264,3
264,16
265,17
267,3
267,12
267,10
1560,0
1560,7
1560,8
275,10
277,12
277,10
277,7
285,0
285,1
285,2
293,5
293,1
293,3
294,0
294,1
294,3
309,3
309,13
311,3
311,4
311,11
324,5
324,0
324,1
330,3
330,14
330,13
331,3
331,4
331,2
339,3
339,10
339,13
344,0
344,12
344,8
349,3
349,13
359,10
359,14
369,3
369,12
369,4
371,0
371,16
371,8
379,16
379,8
388,1
388,9
388,10
447,0
447,9
447,10
463,10
467,12
467,16
467,7
468,3
468,12
468,13
469,3
469,10
471,10
473,10
473,19
475,3
475,10
476,10
477,3
478,16
478,7
478,8
479,10
479,7
479,8
480,10
480,11
481,12
481,7
481,6
482,10
482,13
483,10
483,18
483,13
484,10
484,18
484,13
485,0
485,2
485,16
486,9
486,10
486,18
487,3
487,10
487,13
488,9
488,12
488,10
489,10
489,13
490,3
491,10
491,15
491,13
492,1
492,3
492,10
495,17
496,17
496,4
498,3
498,13
499,3
499,10
500,10
500,13
502,9
502,3
503,10
505,0
505,1
505,7
506,0
506,2
506,16
509,10
510,12
510,10
510,7
512,12
512,10
514,10
515,3
515,10
516,17
518,3
518,10
518,16
519,1
519,3
519,10
520,3
520,10
520,7
523,17
523,11
524,1
524,3
524,4
526,10
526,2
526,7
527,10
527,18
530,3
530,13
531,10
531,13
532,10
532,8
533,12
533,10
533,8
535,0
535,1
535,9
536,17
536,3
538,9
538,12
538,10
539,10
539,14
540,3
540,10
540,11
542,3
542,16
542,8
544,3
544,10
544,13
548,10
548,7
548,8
550,17
551,3
551,16
551,8
552,0
552,3
552,8
554,17
557,3
558,12
558,10
558,8
559,17
560,10
560,8
561,3
561,10
561,13
562,3
562,10
565,3
565,16
565,6
566,3
566,10
566,13
569,3
569,13
571,3
571,16
571,8
572,3
572,10
573,12
573,8
573,19
574,10
574,6
574,8
576,10
576,2
576,7
577,10
577,13
578,10
579,10
580,17
581,3
582,0
582,12
582,8
583,3
585,17
586,10
586,19
587,3
587,10
590,1
590,16
591,3
591,10
592,17
592,9
592,3
593,0
593,12
593,10
594,10
596,1
596,10
596,16
598,10
598,13
599,16
599,8
600,10
601,10
603,10
604,10
604,2
605,3
605,10
605,13
606,3
606,10
606,2
608,3
608,10
608,14
611,10
612,3
612,10
612,13
613,3
613,12
614,17
614,13
615,3
615,13
617,0
617,12
617,10
618,0
618,1
618,6
620,0
620,10
620,2
625,0
625,1
625,8
626,5
626,1
626,3
629,3
629,15
629,13
631,10
631,13
632,0
632,1
632,6
1122,0
1122,12
1122,8
635,10
635,2
635,13
636,3
636,10
636,13
639,1
639,3
639,4
640,0
640,2
640,16
641,0
641,1
641,4
642,0
642,7
642,8
643,3
649,0
649,3
649,12
650,10
650,18
650,8
657,0
657,1
657,2
659,0
659,1
659,10
660,0
660,1
660,3
661,10
664,3
664,10
664,13
667,10
667,14
667,13
669,16
669,7
669,8
673,3
673,13
681,3
681,13
685,12
685,10
685,7
688,3
688,2
699,0
699,3
699,12
702,9
702,10
703,0
703,12
703,8
704,3
704,10
704,14
705,3
705,13
709,5
709,1
709,3
717,10
717,11
718,9
718,3
718,10
721,3
721,10
721,13
723,0
723,1
723,6
729,3
729,13
731,3
731,10
731,4
740,9
740,10
740,18
745,1
745,10
747,3
747,10
747,14
753,3
753,2
753,13
765,3
765,2
765,13
779,9
779,10
784,3
784,10
784,13
795,12
795,10
795,7
835,10
3516,0
3516,12
3516,10
844,12
844,10
3151,10
3151,13
3151,6
856,17
856,18
856,14
870,17
870,11
901,10
901,8
912,3
912,12
912,10
933,9
933,10
933,11
940,3
940,10
940,13
941,0
941,1
941,8
942,0
942,1
942,6
943,0
943,3
943,12
945,0
945,7
945,8
946,0
946,6
947,5
947,1
947,3
948,5
948,0
948,1
950,3
950,10
950,13
951,3
952,16
952,7
954,5
954,1
954,3
955,9
955,12
955,10
956,3
956,10
956,13
957,3
957,12
957,10
958,3
958,13
959,3
959,10
959,13
960,0
960,10
960,6
961,3
961,10
961,4
962,1
962,10
962,4
963,1
963,3
963,2
964,5
964,10
964,4
965,0
965,12
965,10
966,3
966,4
967,3
967,13
969,0
969,1
969,4
971,0
971,12
971,8
972,3
972,10
972,2
973,3
973,10
973,2
974,3
975,3
975,13
977,3
977,10
978,3
978,10
979,3
979,4
980,0
980,1
980,3
981,10
981,4
982,3
982,13
983,10
983,2
983,8
984,3
985,16
985,7
985,8
986,5
986,1
986,3
987,16
988,16
988,7
988,8
989,3
989,12
989,13
990,10
990,14
990,13
992,0
992,8
993,9
993,10
993,18
994,12
994,10
994,7
995,17
995,21
996,0
996,1
996,3
997,3
997,13
998,9
998,3
998,12
999,12
999,16
999,8
1001,3
1001,10
1001,13
1002,17
1003,9
1003,10
1003,14
1004,0
1004,6
1004,8
1006,3
1006,10
1006,13
1008,0
1008,10
1008,18
1009,10
1009,2
1009,16
1010,0
1010,10
1010,8
1011,16
1011,7
1011,8
1012,16
1012,7
1012,6
1015,1
1015,3
1015,4
1017,0
1017,12
1017,10
1018,10
1018,13
1020,1
1020,3
1020,4
1021,0
1021,6
1021,8
1022,10
1022,15
1022,13
1023,5
1023,0
1023,1
1024,3
1024,2
1024,13
1025,1
1025,4
1025,2
1026,3
1026,13
1027,3
1027,10
1027,4
1028,3
1028,16
1030,0
1030,12
1030,8
1031,10
1031,7
1031,8
1032,3
1033,5
1033,1
1033,3
1034,10
1034,7
1034,8
1035,3
1035,13
1036,17
1036,12
1036,18
1037,1
1037,9
1037,10
1038,0
1038,1
1038,2
1039,10
1039,11
1040,12
1040,10
1040,7
1041,10
1042,0
1042,12
1042,8
1043,3
1043,10
1045,9
1045,10
1045,18
1046,3
1046,12
1046,13
1047,10
1047,13
1048,0
1048,16
1048,7
1049,0
1049,3
1049,12
1050,1
1050,3
1050,10
1052,3
1052,10
1053,1
1053,10
1054,10
1054,13
1055,0
1055,12
1055,10
1056,0
1056,12
1056,2
1057,10
1058,3
1058,10
1058,14
1059,16
1059,8
1060,1
1060,3
1060,2
1061,9
1061,3
1061,10
1062,3
1062,10
1063,3
1063,13
1066,3
1066,10
1066,4
1067,10
1067,13
1067,8
1068,10
1068,7
1068,6
1069,3
1069,13
1070,9
1070,10
1070,13
1072,17
1072,3
1073,0
1073,1
1073,3
1075,3
1075,13
1076,1
1076,9
1076,3
1077,1
1077,12
1077,10
1078,3
1080,10
1080,18
1080,7
1082,12
1082,10
1084,3
1084,10
1084,13
1085,10
1085,14
1086,3
1087,12
1087,10
1087,18
1088,17
1088,11
1089,3
1089,10
1089,13
1090,10
1090,11
1091,12
1091,10
1091,8
1093,3
1093,10
1093,13
1096,17
1096,9
1096,11
1097,10
1099,17
1099,9
1099,12
1100,10
1100,14
1100,15
1103,10
1105,10
1106,10
1107,10
1107,18
1108,3
1108,10
1109,3
1109,10
1111,3
1111,13
1112,10
1115,9
1115,10
1115,11
1123,12
1123,10
1123,8
1125,3
1125,10
1125,13
1126,3
1126,10
1127,12
1127,10
1127,8
1130,9
1130,10
1130,18
1132,10
1134,9
1134,10
1136,3
1136,12
1136,10
1137,3
1137,10
1137,14
1143,10
1145,0
1145,9
1145,10
1150,10
1150,4
1152,5
1152,1
1152,3
1156,3
1156,16
1156,6
1158,3
1158,10
1158,13
1164,3
1164,12
1164,7
1166,10
1166,13
1166,6
1167,10
1169,3
1170,10
1170,13
1183,3
1183,10
1184,17
1202,3
1202,10
1203,10
1203,13
2810,5
2810,1
2810,3
1207,10
1207,8
1210,12
1210,10
1210,8
1211,17
1215,10
1215,2
1215,8
2183,0
2183,1
2183,6
1221,1
1221,4
1221,2
1225,5
1225,1
1225,3
1229,10
1229,22
1231,3
1237,0
1237,3
1237,12
3809,0
3809,1
3809,10
1265,10
1265,2
1265,16
1266,3
1266,14
1277,0
1277,1
1277,6
1282,3
1282,10
1282,4
1368,10
1381,3
1381,10
1381,4
1394,10
1394,13
2377,3
2377,10
1407,10
1410,10
1410,2
1411,1
1411,10
1411,13
1412,3
1413,9
1413,12
1413,10
1414,3
1414,10
1415,3
1415,10
1415,2
1416,0
1416,9
1416,12
1417,17
1418,17
1419,5
1419,10
1420,5
1420,1
1420,3
1422,12
1422,10
1422,8
1423,10
1423,11
1424,17
1425,0
1425,4
1425,2
1427,17
1428,0
1428,12
1428,10
1429,16
1430,17
1430,9
1430,3
1431,3
1431,10
1432,17
1434,12
1434,8
1435,10
1437,10
1438,9
1438,3
1438,10
1439,0
1439,1
1439,10
1440,0
1440,1
1440,3
1441,10
1441,13
1443,17
1445,13
1446,3
1446,10
1446,15
1447,10
1447,11
1448,10
1448,8
1449,17
1449,3
1449,10
1450,10
1451,0
1451,3
1451,12
1452,10
1452,7
1452,8
1453,12
1453,10
1453,8
1455,17
1456,3
1456,13
1457,17
1458,17
1458,9
1459,16
1459,8
1461,10
1463,5
1463,0
1463,1
1464,12
1464,10
1467,0
1467,3
1467,16
1470,10
1470,2
1471,3
1471,10
1474,10
1474,18
1474,19
1475,0
1475,12
1475,8
1476,10
1477,10
1477,2
1477,13
1479,10
1480,17
1481,10
1481,7
1481,8
1482,0
1482,1
1482,10
1483,3
1483,10
1484,17
1485,10
1489,17
1489,9
1491,10
1492,3
1492,10
1493,10
1494,17
1495,0
1495,3
1495,12
1496,17
1496,9
1496,18
1497,3
1497,10
1498,10
1498,7
1498,8
1499,3
1500,10
1501,3
1501,13
1503,10
1503,14
1504,12
1504,10
1505,10
1506,10
1506,13
1507,12
1507,10
1508,10
1509,3
1509,10
1509,13
1510,10
1510,13
1511,3
1511,10
1513,0
1513,1
1513,6
1514,1
1514,10
1514,2
1515,3
1516,0
1516,1
1516,2
1517,0
1517,1
1517,12
1519,5
1519,1
1519,3
1520,0
1520,1
1520,7
1523,0
1523,1
1523,6
1524,10
1525,3
1525,13
1526,5
1526,0
1526,1
1527,5
1527,1
1527,3
1528,5
1528,1
1528,3
1529,5
1529,1
1529,3
1530,5
1530,1
1530,3
1531,7
1531,6
1531,8
1532,5
1532,1
1532,3
1533,3
1533,12
1534,0
1534,1
1534,6
1535,5
1535,1
1535,3
1536,16
1536,7
1537,3
1537,13
1538,12
1538,10
1538,7
1539,3
1539,13
1540,0
1540,3
1540,12
1541,1
1541,3
1541,4
1542,0
1542,10
1542,6
1543,3
1543,10
1543,13
1545,0
1545,10
1545,2
1546,3
1546,10
1548,0
1548,1
1548,10
1549,6
1549,8
1550,0
1550,3
1550,12
1551,5
1551,0
1551,1
1552,10
1552,8
1553,3
1553,10
1553,4
1555,3
1557,10
1557,4
1558,3
1558,13
1559,5
1559,1
1559,3
1561,13
1561,6
1561,8
1563,12
1563,10
1563,7
1564,3
1564,2
1564,13
1565,3
1565,13
1566,0
1566,1
1566,6
1568,3
1568,13
1569,16
1569,7
1569,8
1571,3
1571,4
1572,3
1572,10
1576,9
1576,10
1576,4
1577,0
1577,16
1577,8
1580,3
1580,10
1580,13
1600,10
1600,8
1601,3
1632,12
1632,10
1632,18
1648,10
1648,8
1649,17
1649,18
1664,10
1664,7
1664,8
4266,1
4266,10
4266,18
1666,3
1666,10
1670,10
1670,11
1688,0
1688,12
1688,16
1692,0
1692,1
1692,10
1710,17
1718,0
1718,3
1718,10
1726,3
1726,10
1726,13
1727,0
1727,1
1727,22
1734,3
1734,13
1741,9
1741,10
1741,18
1751,17
1751,3
3852,9
3852,10
1774,10
1774,2
1774,13
1781,13
1781,8
2511,3
2511,13
1813,10
1813,13
1831,5
1831,1
1831,3
1832,5
1832,1
1832,3
4323,10
4323,18
4323,15
1839,5
1839,1
1839,3
1844,1
1844,7
1844,6
1871,10
1871,7
1871,13
1877,10
1877,2
1877,16
1878,16
1878,7
1879,16
1880,3
1880,10
1880,4
1881,0
1881,2
1881,8
1882,0
1882,1
1882,10
1883,0
1883,10
1883,18
1884,16
1884,7
1884,8
1885,16
1885,7
1885,8
1888,3
1888,10
1888,13
1889,0
1889,3
1889,11
1890,3
1890,4
1891,0
1891,16
1891,6
1892,16
1892,7
1892,8
1894,0
1894,12
1894,10
1895,3
1895,10
1895,15
1896,0
1896,2
1896,16
1897,12
1897,10
1898,3
1898,10
1899,3
1900,5
1900,3
1900,4
1901,10
1901,14
1901,13
1902,3
1902,6
1903,17
1904,10
1904,16
1904,8
1905,3
1905,10
1905,14
1906,9
1906,10
1907,17
1907,4
1908,3
1908,13
1909,0
1909,10
1909,7
1910,0
1910,3
1910,12
1913,9
1913,10
1913,4
1914,5
1914,1
1914,4
1915,0
1915,10
1915,8
1916,0
1916,12
1916,8
1917,3
1917,10
1918,10
1918,13
1919,3
1919,13
1920,0
1920,12
1920,8
1921,3
1921,14
1921,13
1922,10
1923,12
1923,7
1923,8
1925,3
1925,12
1926,12
1926,10
1926,8
1927,17
1927,21
1928,0
1928,6
1928,8
1929,0
1929,12
1929,6
1930,10
1930,13
1931,1
1931,10
1931,2
1932,10
1932,16
1932,7
1933,2
1934,3
1934,10
1935,0
1935,1
1935,7
1936,1
1936,3
1938,3
1938,10
1938,13
1940,3
1940,10
1940,13
1941,1
1941,3
1941,10
1942,7
1942,8
1943,16
1943,8
1944,10
1945,9
1945,3
1945,10
1946,9
1946,10
1946,13
1948,9
1948,3
1948,10
1949,3
1949,22
1950,10
1950,18
1950,19
1951,10
1952,10
1953,16
1953,8
1954,3
1954,10
1955,3
1955,10
1955,11
1956,0
1956,8
1957,3
1957,10
1957,13
1958,17
1958,9
1958,14
1959,0
1959,8
1961,10
1961,19
1963,17
1963,14
1964,3
1964,10
1965,3
1965,10
1965,2
1967,10
1967,11
1968,9
1968,3
1968,13
1969,10
1969,7
1969,8
1970,17
1971,3
1971,10
1971,13
1972,10
1972,14
1973,9
1973,10
1973,18
1974,10
1974,4
1975,10
1975,18
1975,13
1976,10
1977,12
1977,10
1977,8
1979,3
1979,10
1980,0
1980,12
1980,8
1981,10
1981,13
1982,3
1982,12
1982,8
1983,1
1983,4
1983,2
1984,3
1984,10
1984,13
1985,17
1985,9
1986,12
1986,10
1988,17
1988,9
1988,18
1989,5
1989,3
1989,10
1990,10
1990,8
1990,19
1991,12
1991,10
1991,2
1992,12
1992,10
1992,7
1993,10
1993,2
1994,3
1994,10
1994,13
1995,17
1995,9
1996,10
1997,3
1997,10
1998,10
1998,18
1998,13
1999,10
2000,3
2000,10
2001,17
2002,3
2002,10
2003,17
2004,10
2005,3
2005,13
2007,10
2007,7
2007,6
2008,10
2008,13
2009,10
2010,3
2010,10
2010,13
2013,17
2013,12
2013,18
2014,12
2014,10
2014,8
2016,3
2016,13
2019,17
2021,5
2021,1
2021,3
2024,10
2024,13
2025,17
2026,10
2028,12
2028,10
2028,8
2030,17
2031,3
2031,10
2033,3
2033,10
2033,13
2035,10
2037,5
2037,0
2037,1
2038,12
2038,10
2040,0
2040,1
2042,3
2042,10
2044,10
2045,10
2046,10
2048,12
2048,10
2049,1
2049,3
2049,10
2055,3
2055,13
2056,3
2056,10
2056,15
2057,17
2057,18
2057,20
2060,12
2060,10
2060,18
2061,17
2061,9
2061,14
2074,17
2074,12
2077,0
2077,10
2077,19
2078,12
2078,10
2078,8
2079,10
2079,13
2083,17
2088,17
2088,9
2088,14
2096,17
2099,17
2099,9
2099,3
2106,10
2106,13
2108,16
2108,6
2108,8
2110,17
2114,12
2114,10
2116,3
2116,12
2116,14
2126,17
2126,9
2126,3
2127,17
2134,10
2135,10
2135,8
2140,3
2140,10
2140,13
2152,5
2152,1
2152,3
2165,16
2165,7
2165,8
2169,3
2177,0
2177,1
2177,6
2180,9
2180,10
2180,11
2181,0
2181,10
2181,6
2184,16
2184,7
2184,8
2186,5
2186,1
2186,3
2187,0
2187,3
2187,12
2188,0
2188,10
2188,8
2192,3
2192,10
2194,0
2194,8
2195,5
2195,1
2195,2
2197,3
2197,10
2202,5
2202,1
2202,3
2204,5
2204,1
2204,3
2205,0
2205,2
2205,16
2208,12
2208,10
2208,16
2244,16
2244,8
2261,0
2261,8
2266,9
2266,10
2266,18
2278,10
2278,8
2292,12
2292,10
2292,8
2311,10
2315,10
2315,18
2315,8
2332,12
2332,10
2332,13
2342,3
2342,12
2342,10
2344,5
2344,1
2344,3
2345,10
2345,19
2346,17
2348,10
2348,2
2349,3
2350,10
2351,17
2352,10
2353,3
2353,10
2354,10
2354,8
2355,17
2355,19
2356,17
2356,9
2358,3
2358,13
2358,11
2359,10
2359,14
2359,13
2360,3
2360,10
2361,10
2361,2
2361,16
2362,10
2363,0
2363,12
2363,10
2364,10
2365,3
2366,17
2366,1
2368,0
2368,10
2369,17
2370,10
2370,19
2371,3
2371,2
2371,16
2372,17
2372,9
2372,18
2374,17
2374,5
2374,9
2375,0
2375,12
2375,10
2376,1
2376,10
2376,7
2378,10
2379,17
2379,9
2380,10
2380,18
2381,17
2381,14
2382,10
2382,2
2382,13
2383,3
2384,12
2384,10
2384,8
2385,17
2386,9
2386,12
2386,10
2388,1
2388,10
2388,7
2389,10
2389,2
2389,16
2390,3
2390,10
2391,10
2391,16
2391,8
2392,10
2392,13
2393,10
2394,3
2394,10
2394,13
2395,10
2396,17
2398,5
2398,3
2398,10
2400,12
2400,10
2400,8
2402,17
2402,14
2404,3
2404,10
2405,3
2405,10
2406,9
2406,10
2407,17
2408,3
2408,7
2409,9
2409,10
2409,18
2410,17
2410,10
2410,18
2411,17
2412,12
2412,10
2412,13
2413,10
2414,10
2414,7
2414,8
2415,1
2415,3
2415,12
2416,0
2416,1
2416,16
2417,17
2417,12
2418,10
2419,10
2419,2
2419,7
2420,9
2420,10
2420,11
2421,17
2421,9
2421,18
2422,10
2422,4
2422,18
2423,3
2423,10
2424,3
2425,17
2426,9
2426,10
2427,10
2427,13
2428,3
2428,13
2429,17
2430,10
2430,16
2430,8
2431,1
2431,10
2431,8
2432,17
2432,10
2433,10
2433,22
2434,3
2434,10
2435,17
2435,14
2435,15
2436,10
2437,0
2437,12
2437,10
2438,10
2440,17
2440,14
2441,3
2441,16
2442,17
2443,10
2444,9
2444,10
2444,14
2445,10
2446,3
2446,10
2446,14
2447,3
2447,16
2448,3
2448,10
2449,3
2449,13
2451,12
2451,10
2451,8
2452,3
2452,13
2453,3
2453,10
2454,3
2454,14
2454,6
2455,10
2455,14
2457,3
2460,10
2461,0
2461,3
2461,10
2462,10
2463,10
2463,16
2463,13
2464,9
2465,10
2466,3
2466,10
2466,13
2467,17
2469,10
2471,0
2471,9
2471,10
2472,0
2472,1
2472,6
2473,0
2473,1
2473,3
2474,0
2474,1
2474,6
2476,1
2476,2
2477,0
2477,1
2477,6
2478,0
2478,1
2478,4
2479,0
2479,1
2479,6
2480,5
2480,0
2480,1
2481,0
2481,1
2481,10
2482,0
2482,1
2482,2
2484,0
2484,3
2484,12
2485,0
2485,1
2485,3
2486,1
2486,10
2486,6
2488,10
2488,7
2488,8
2490,3
2494,0
2494,6
2494,8
2498,5
2498,1
2498,3
2500,0
2500,7
2500,6
2503,0
2503,1
2503,6
2504,0
2504,7
2504,8
2505,9
2505,10
2505,4
2507,3
2508,0
2508,10
2508,19
2509,3
2509,13
2513,0
2513,3
2513,12
2516,3
2516,10
2516,4
2517,3
2517,13
2526,8
2529,5
2529,1
2529,3
2530,0
2530,10
2530,8
2532,5
2532,1
2532,3
2534,0
2534,1
2534,10
2535,12
2535,10
2536,9
2536,10
2536,14
2539,3
2539,10
2542,3
2542,22
2543,3
2543,10
2548,1
2548,9
2548,10
2552,16
2552,7
2557,9
2557,10
2557,14
2563,0
2563,12
2563,10
2565,10
2569,0
2569,1
2569,10
2570,0
2570,10
2570,6
2574,17
2574,4
2578,3
2578,10
2578,14
2581,10
2581,14
2581,13
2587,10
2587,14
2596,16
2596,7
2596,8
2607,0
2607,10
2607,6
2618,10
2618,7
2618,8
2621,3
2621,10
2630,3
2630,10
2630,13
2652,10
2652,13
2659,10
2659,13
2676,3
2676,10
2704,3
2704,12
2704,10
2709,17
2709,10
2709,4
2711,16
2711,7
2711,8
4284,10
4284,13
2736,3
2741,10
2751,3
2751,10
2755,10
2760,3
2760,10
2760,13
2768,10
2768,16
2768,8
2790,10
2790,18
2790,13
2801,5
2801,1
2801,3
2802,0
2802,1
2802,6
2803,1
2803,10
2803,6
2804,1
2804,10
2804,4
2805,0
2805,1
2805,8
2807,3
2807,14
2808,0
2808,1
2808,10
2809,0
2809,1
2809,3
2811,5
2811,0
2811,1
2812,10
2812,13
2812,8
2813,5
2813,1
2813,3
2814,9
2814,10
2814,18
2815,0
2815,1
2815,8
2816,0
2816,1
2816,6
2817,3
2817,4
2818,5
2818,1
2818,3
2819,0
2819,1
2819,3
2820,5
2820,1
2820,3
2821,3
2821,10
2821,13
2822,10
2822,11
2823,0
2823,1
2823,4
2824,3
2824,12
2825,0
2825,1
2825,6
2826,0
2826,12
2826,8
2827,3
2828,5
2828,1
2828,3
2829,0
2829,1
2829,6
2830,3
2831,1
2831,3
2831,4
2832,0
2832,3
2832,2
2833,5
2833,1
2833,3
2834,3
2834,10
2835,10
2835,18
2835,8
2836,0
2836,3
2836,12
2837,9
2837,3
2837,10
2838,10
2839,3
2839,10
2839,14
2840,16
2840,7
2840,8
2841,3
2843,1
2843,3
2844,8
2845,9
2845,10
2846,12
2846,10
2846,7
2847,3
2847,12
2847,10
2848,0
2848,12
2848,10
2850,9
2850,10
2850,18
2851,0
2851,1
2851,6
2852,0
2852,12
2852,10
2854,9
2854,12
2854,10
2855,9
2855,10
2855,11
2856,10
2856,7
2856,8
2857,0
2857,1
2857,9
2858,3
2858,2
2859,3
2859,10
2859,2
2860,1
2860,10
2860,4
2861,10
2861,2
2861,13
2862,10
2862,13
2863,10
2863,13
2863,22
2864,8
2865,1
2865,3
2865,4
2868,3
2868,13
2869,9
2869,10
2869,18
2870,3
2870,10
2870,13
2871,16
2871,7
2871,8
2873,0
2873,12
2873,10
2874,10
2874,16
2874,7
2875,1
2875,9
2875,3
2876,16
2876,7
2876,8
2877,0
2877,1
2877,2
2878,0
2878,8
2879,3
2879,10
2879,14
2880,10
2880,16
2880,8
2881,0
2881,12
2881,8
2884,10
2884,6
2884,8
2885,0
2885,1
2885,9
2887,0
2887,12
2887,8
2889,10
2891,12
2891,10
2891,7
2892,10
2894,9
2894,10
2895,10
2895,7
2896,0
2896,1
2896,2
2897,17
2900,16
2900,7
2900,8
2901,0
2901,3
2904,10
2905,10
2905,13
2906,10
2906,13
2908,3
2908,7
2908,6
2910,10
2910,13
2911,9
2911,10
2911,18
2912,9
2912,10
2912,13
2913,0
2913,1
2913,12
2914,3
2914,10
2915,0
2915,1
2915,9
2916,0
2916,12
2916,8
2917,0
2917,1
2917,3
2919,3
2919,10
2919,13
2923,3
2923,10
2924,10
2924,18
2924,19
2925,7
2925,13
2925,8
2926,10
2926,16
2926,6
2927,9
2927,3
2927,10
2928,9
2928,12
2928,10
2930,10
2930,13
2931,10
2931,18
2931,19
2933,5
2933,3
2933,10
2935,9
2935,10
2935,18
2937,10
2938,3
2938,16
2941,3
2941,14
2941,19
2942,9
2942,10
2943,3
2943,10
2943,14
2944,17
2944,9
2945,3
2945,12
2945,10
2946,0
2946,9
2946,12
2947,9
2947,10
2947,18
2948,3
2948,10
2950,9
2950,10
2950,11
2951,1
2951,10
2951,4
2953,10
2953,13
2956,9
2956,10
2956,18
2961,3
2961,10
2961,13
2974,3
2974,10
2976,10
2984,0
2984,10
2984,18
2988,10
2988,13
2991,10
2991,13
2994,17
2994,9
3002,9
3002,10
3005,1
3005,10
3005,8
3010,3
3010,10
3010,13
3012,0
3012,9
3012,18
3017,10
3017,18
3028,3
3028,10
3028,13
3031,17
3031,9
3043,3
3043,10
3069,10
3069,13
3073,16
3073,13
3073,6
3080,10
3083,1
3083,10
3098,3
3098,12
3101,10
3101,14
3125,5
3125,1
3125,3
3133,5
3133,3
3133,4
3141,5
3141,1
3141,3
3159,0
3159,1
3159,3
3161,5
3161,1
3161,3
3177,0
3177,10
3177,16
3198,0
3198,1
3198,12
3203,3
3203,10
3203,14
3218,10
3240,0
3240,3
3240,2
3253,10
3253,16
3253,7
3274,3
3274,10
3274,13
3277,16
3277,8
3278,12
3278,10
3278,8
3279,0
3279,3
3279,12
3280,16
3281,0
3281,9
3281,10
3282,17
3282,18
3282,14
3283,0
3283,9
3283,10
3284,9
3284,10
3284,14
3285,3
3285,10
3285,13
3286,0
3286,16
3286,8
3287,10
3287,14
3287,8
3288,3
3288,10
3289,0
3289,1
3289,10
3290,9
3290,4
3290,11
3291,3
3291,10
3292,0
3292,10
3292,11
3293,17
3294,9
3294,10
3294,14
3295,10
3296,0
3296,10
3296,22
3297,12
3297,10
3297,13
3298,10
3298,7
3298,13
3299,3
3299,10
3300,9
3300,10
3301,16
3301,8
3302,1
3302,9
3302,10
3304,0
3304,3
3304,6
3305,3
3305,10
3306,9
3306,10
3307,10
3311,9
3311,12
3311,10
3312,16
3312,8
3313,9
3313,10
3313,14
3314,10
3315,3
3315,10
3316,1
3316,10
3316,13
3317,3
3317,10
3317,11
3318,17
3318,9
3319,17
3321,9
3321,10
3321,18
3322,10
3322,13
3323,1
3323,10
3323,2
3324,0
3324,16
3324,8
3325,3
3325,10
3325,14
3326,5
3326,0
3326,1
3327,3
3327,10
3329,5
3329,10
3329,13
3330,17
3330,14
3331,10
3332,10
3332,6
3333,10
3333,18
3334,10
3335,5
3335,1
3335,3
3336,10
3337,9
3337,10
3337,8
3339,10
3339,13
3340,3
3340,10
3340,7
3341,17
3341,3
3341,10
3342,12
3342,10
3343,10
3343,7
3343,8
3344,3
3344,16
3344,13
3345,5
3345,9
3345,10
3349,10
3349,7
3351,10
3352,0
3352,10
3352,8
3353,17
3354,10
3354,14
3355,10
3357,17
3357,9
3357,18
3358,1
3358,10
3360,17
3361,10
3361,13
3363,10
3364,3
3364,2
3365,10
3366,12
3366,10
3366,8
3367,10
3368,17
3369,1
3369,3
3369,10
3370,3
3370,10
3370,2
3371,3
3372,10
3372,2
3372,16
3373,17
3373,9
3373,18
3374,17
3374,5
3374,12
3375,17
3375,15
3376,3
3376,10
3377,3
3377,10
3377,13
3378,10
3378,7
3378,13
3379,17
3379,9
3380,3
3381,9
3381,10
3381,4
3382,12
3382,10
3383,10
3384,10
3385,1
3385,3
3385,10
3386,3
3386,10
3386,13
3387,10
3387,6
3388,9
3388,10
3389,10
3389,7
3389,8
3390,17
3390,14
3391,17
3391,18
3392,10
3393,16
3393,8
3394,10
3394,13
3395,0
3395,22
3396,10
3396,14
3396,13
3397,17
3397,9
3398,10
3398,7
3398,8
3399,10
3399,13
3403,0
3403,3
3403,12
3404,10
3404,19
3407,10
3408,3
3408,16
3415,10
3417,10
3417,13
3419,0
3419,3
3419,13
3420,5
3420,0
3420,1
3423,1
3423,3
3423,10
3427,3
3427,10
3427,2
3428,10
3428,13
3429,10
3429,13
3431,17
3431,9
3431,18
3433,17
3435,10
3435,2
3436,10
3436,18
3441,12
3441,10
3443,0
3443,1
3443,3
3445,0
3445,1
3445,6
3457,9
3457,10
3457,15
3462,16
3462,8
3469,3
3477,10
3480,5
3480,0
3480,3
3484,5
3484,0
3484,1
3485,0
3485,3
3485,12
3502,3
3502,10
3502,13
4010,16
4010,6
4010,8
3551,9
3551,10
3586,3
3586,10
3586,13
3654,9
3654,10
3684,12
3684,10
3684,7
4344,9
4344,10
4344,18
3748,5
3748,1
3748,3
3749,1
3749,4
3749,2
3750,0
3750,16
3750,6
3751,0
3751,1
3751,6
3752,0
3752,1
3752,6
3753,16
3753,7
3753,8
3754,10
3754,11
3755,5
3755,1
3755,3
3756,12
3756,10
3756,8
3757,0
3757,12
3757,8
3758,0
3758,1
3758,6
3759,1
3759,4
3759,2
3760,10
3760,13
3760,8
3761,5
3761,1
3761,3
3762,9
3762,3
3762,10
3763,9
3763,10
3763,4
3764,5
3764,1
3764,3
3765,3
3766,0
3766,16
3766,6
3767,0
3767,3
3767,12
3768,3
3768,10
3768,13
3769,3
3769,4
3769,2
3770,0
3770,1
3770,8
3771,16
3771,7
3771,8
3772,3
3772,10
3773,3
3774,0
3774,1
3774,6
3775,0
3775,1
3775,2
3776,0
3776,1
3776,6
3777,0
3777,3
3778,3
3778,12
3778,7
3779,3
3780,0
3780,1
3780,6
3781,0
3781,1
3781,12
3783,3
3783,13
3784,9
3784,3
3784,10
3786,0
3786,8
3787,5
3787,1
3787,3
3788,0
3788,10
3788,18
3790,9
3790,10
3790,18
3792,8
3794,3
3794,11
3796,5
3796,1
3796,3
3797,3
3797,10
3797,13
3798,3
3798,10
3798,13
3800,9
3800,10
3800,8
3801,0
3801,8
3803,9
3803,3
3803,10
3804,0
3804,12
3804,10
3805,0
3805,1
3805,3
3806,1
3806,10
3806,16
3807,5
3807,1
3807,3
3808,0
3808,1
3808,9
3810,3
3810,12
3810,7
3812,16
3812,7
3812,8
3813,5
3813,0
3813,1
3814,12
3814,10
3815,10
3815,7
3815,8
3816,9
3816,10
3816,16
3817,9
3817,10
3818,16
3819,12
3819,10
3820,0
3820,16
3820,6
3821,0
3821,12
3821,10
3823,0
3823,12
3823,8
3824,17
3824,18
3824,19
3825,12
3825,10
3825,7
3826,1
3826,3
3826,12
3827,9
3827,10
3827,18
3828,1
3828,9
3828,10
3830,9
3830,10
3830,18
3832,0
3832,1
3832,2
3833,0
3833,8
3834,10
3834,13
3836,0
3836,12
3836,10
3837,3
3837,10
3838,0
3838,1
3838,10
3839,17
3839,9
3839,10
3840,0
3840,6
3840,8
3841,16
3841,8
3842,9
3842,3
3842,10
3843,10
3843,11
3844,10
3845,10
3845,13
3846,3
3846,10
3846,7
3847,8
3848,16
3848,7
3848,8
3849,9
3849,3
3849,12
3850,5
3850,1
3850,3
3851,3
3851,10
3851,18
3853,17
3853,21
3854,3
3854,10
3857,0
3857,12
3857,10
3858,17
3859,9
3859,10
3859,18
3860,0
3860,1
3860,12
3862,1
3862,10
3864,10
3865,0
3865,10
3865,6
3866,3
3867,0
3867,12
3867,10
3868,0
3868,3
3868,12
3869,0
3869,10
3871,0
3871,1
3871,3
3874,10
3877,10
3877,19
3881,12
3881,16
3881,8
3883,1
3883,3
3883,10
3885,5
3885,1
3885,4
3887,10
3887,4
3887,13
3889,10
3889,22
3891,3
3891,10
3891,14
3892,9
3892,10
3893,10
3894,10
3895,17
3895,9
3896,0
3896,3
3896,12
3897,9
3897,10
3897,18
3900,10
3904,9
3904,10
3904,13
3905,17
3905,9
3906,3
3906,10
3906,13
3916,10
3916,14
3916,13
3919,10
3919,7
3920,10
3920,16
3920,7
3927,3
3927,16
3927,15
3930,5
3930,0
3930,1
3938,0
3938,12
3938,8
3946,10
3948,17
3955,10
3955,18
3962,17
3962,9
3962,14
3976,3
3976,14
3976,13
3979,10
3979,14
3979,13
3999,10
4007,10
4007,16
4007,6
4018,10
4026,5
4026,1
4026,3
4027,0
4027,1
4027,6
4085,10
4085,4
4085,11
4096,3
4096,10
4096,13
4113,3
4113,10
4115,2
4115,16
4115,7
4125,17
4125,4
4161,17
4177,17
4209,10
4209,7
4218,17
4218,9
4218,10
4221,3
4222,9
4222,10
4223,17
4223,9
4223,18
4225,5
4225,0
4225,12
4226,17
4227,17
4227,5
4227,18
4228,0
4228,16
4228,8
4229,17
4229,11
4231,10
4232,3
4232,10
4233,10
4235,0
4235,8
4236,10
4236,4
4237,10
4238,10
4239,3
4240,17
4242,10
4243,9
4243,12
4243,10
4244,10
4244,13
4244,8
4246,0
4246,1
4246,3
4247,0
4247,1
4247,3
4248,1
4248,3
4248,4
4249,10
4249,16
4249,7
4251,5
4251,1
4251,3
4252,5
4252,1
4252,3
4253,0
4253,6
4253,8
4254,0
4254,1
4254,2
4255,0
4255,3
4255,12
4256,0
4256,1
4256,2
4257,0
4257,16
4257,7
4258,3
4259,3
4259,10
4259,4
4260,0
4260,8
4261,10
4261,13
4262,0
4262,16
4262,6
4263,10
4263,16
4263,7
4264,0
4264,1
4264,2
4265,0
4265,12
4265,10
4267,0
4267,1
4267,10
4268,10
4268,16
4268,7
4269,10
4269,16
4269,7
4270,3
4272,3
4272,10
4272,13
4273,0
4273,10
4273,6
4274,12
4274,10
4274,8
4276,3
4276,10
4277,5
4277,10
4277,2
4279,8
4281,0
4281,10
4281,7
4282,5
4282,1
4282,3
4283,3
4283,13
4285,3
4285,10
4286,10
4287,10
4287,19
4288,10
4288,13
4289,10
4289,13
4290,3
4290,10
4291,10
4291,16
4291,7
4292,3
4292,10
4293,16
4293,7
4296,10
4297,0
4297,1
4297,3
4298,10
4298,16
4298,7
4300,0
4300,12
4300,10
4301,10
4301,13
4302,0
4302,12
4302,10
4303,5
4303,1
4303,3
4305,1
4305,2
4305,16
4306,16
4306,7
4306,6
4307,10
4308,3
4308,10
4310,10
4310,16
4310,7
4311,3
4311,12
4311,10
4313,12
4313,10
4313,8
4314,16
4314,8
4315,0
4315,12
4315,10
4316,17
4316,9
4316,18
4317,9
4317,10
4317,8
4319,3
4320,10
4320,14
4322,5
4322,3
4322,10
4324,10
4324,13
4326,0
4326,12
4326,10
4329,0
4329,3
4329,2
4330,3
4330,10
4331,10
4331,8
4332,3
4332,10
4332,13
4333,3
4333,16
4333,7
4334,1
4334,10
4334,2
4335,10
4335,13
4336,3
4336,2
4336,16
4339,16
4341,0
4341,10
4341,8
4342,10
4342,2
4345,5
4345,0
4345,1
4346,10
4346,13
4351,3
4351,16
4351,7
4353,3
4354,16
4354,14
4354,8
4356,17
4356,12
4356,8
4359,9
4359,12
4359,10
4361,16
4361,8
4363,16
4363,8
4364,3
4364,13
4364,11
4368,10
4371,3
4371,10
4371,2
4373,0
4373,1
4373,2
4374,0
4374,1
4374,6
4376,0
4376,1
4376,3
4377,0
4377,6
4377,8
4378,1
4378,3
4378,12
4386,0
4386,8
4388,5
4388,1
4388,3
4391,10
4391,14
4391,15
4392,0
4392,1
4392,2
4396,9
4396,10
4396,14
4397,10
4397,8
4402,12
4402,10
4402,7
4404,10
4404,15
4406,0
4406,1
4406,2
4407,0
4407,12
4407,8
4411,0
4411,12
4411,8
4425,9
4425,10
4432,10
4438,0
4438,3
4438,16
4440,12
4440,10
4440,7
4453,0
4453,3
4460,10
4460,13
4461,16
4461,6
